"DX_bl","AGE","PTGENDER","PTEDUCAT","FDG","AV45","HippoNV","e2_1","e4_1","rs3818361","rs744373","rs11136000","rs610932","rs3851179","rs3764650","rs3865444","MMSCORE","TOTAL13"
2,71.7,2,14,6.86853,1.08076,0.531346153846154,1,0,1,1,1,1,1,0,0,29,6
2,77.7,1,18,6.32353,1.08076,0.498947368421053,0,0,1,0,1,1,0,0,1,30,3.33
4,72.8,2,18,6.32353,1.08076,0.2314,0,1,1,1,1,0,1,0,1,22,18.33
3,72.8,2,16,6.32353,1.08076,0.460194805194805,0,0,1,1,1,1,0,0,0,29,11
3,72.8,2,16,6.32353,1.08076,0.460194805194805,1,0,1,1,1,0,0,0,0,29,11
2,65.1,2,20,6.32353,1.08076,0.49,0,1,1,0,0,1,1,0,0,30,5
2,79.6,2,20,5.50637,1.08076,0.39060773480663,0,1,1,1,0,1,0,0,1,28,2.33
4,73.6,2,18,6.0835,1.08076,0.356094674556213,0,1,1,1,1,1,0,0,1,28,11.67
4,60.7,1,19,6.32353,1.08076,0.482,0,1,0,0,0,0,1,0,1,30,11.33
4,70.6,2,18,5.6986,1.08076,0.465290697674419,1,1,0,1,0,1,0,0,0,29,3.67
2,80.4,2,20,6.32353,1.08076,0.460194805194805,0,1,0,1,1,1,0,0,1,29,10.33
2,72,2,20,6.14714,1.08076,0.45968152866242,0,1,0,0,1,1,1,0,0,29,11.67
2,73.3,2,20,6.15346,1.08076,0.396428571428571,0,0,0,1,1,1,0,0,0,29,7.67
2,70.6,2,17,6.32353,1.08076,0.473265306122449,0,0,0,0,0,1,0,1,0,29,14
2,73.1,2,16,6.21777,1.08076,0.441546961325967,0,1,0,0,1,0,1,1,1,30,3.33
4,82.3,1,18,6.45164,1.08076,0.460194805194805,0,1,1,0,0,0,1,0,0,30,2.67
4,73.9,2,12,6.25973,1.08076,0.355568862275449,0,1,1,1,1,0,0,1,0,28,24.67
2,70.6,1,18,6.32353,1.08076,0.543286713286713,1,0,0,0,1,0,1,0,0,27,6.67
2,73.2,2,18,6.13715,1.08076,0.403636363636364,1,0,0,0,0,1,0,0,0,30,8.67
2,80.4,1,16,6.32353,1.08076,0.473888888888889,0,1,0,1,1,1,0,0,1,27,18
2,78.5,1,6,6.32353,1.08076,0.439632352941177,0,1,0,0,0,1,1,0,0,30,8.33
2,70.4,1,19,6.77829,1.08076,0.510377358490566,0,1,1,1,0,1,0,0,1,30,0.33
4,79.4,2,16,6.732,1.08076,0.462307692307692,0,0,0,0,1,0,1,1,1,30,10.67
4,78.5,2,19,6.32353,1.08076,0.522941176470588,1,0,0,0,1,0,1,0,0,29,20.33
4,64.6,1,14,6.32353,1.08076,0.36,0,0,0,0,0,0,1,0,0,26,20.33
2,77,1,14,6.00552,1.08076,0.41832,0,0,0,1,1,1,1,0,0,30,4
4,74.5,2,17,6.15388,1.08076,0.389181286549708,0,0,0,0,0,1,1,0,0,29,17.33
4,70.5,2,15,6.32353,1.08076,0.41,0,0,1,1,1,1,1,0,0,29,9.33
2,76.3,1,16,6.32353,1.08076,0.414753086419753,0,0,0,0,1,0,0,0,1,30,5.33
2,75.6,1,14,7.76242,1.08076,0.407253521126761,0,0,0,1,1,1,1,0,1,30,5.67
2,73.5,1,20,6.32353,1.08076,0.501879194630872,0,1,1,0,1,1,1,0,0,29,2.67
2,70.3,2,12,6.72395,1.08076,0.460119760479042,0,1,0,1,1,1,1,0,1,28,4.67
2,71.8,2,19,6.32353,1.08076,0.42,0,0,1,0,1,1,1,0,1,27,4
4,60.1,1,19,4.84425,1.08076,0.338513513513514,0,1,0,0,1,1,0,0,0,24,31
2,70.7,2,17,6.32353,1.08076,0.55265306122449,0,0,0,1,0,1,1,1,1,30,7.33
2,79,2,20,6.503,1.08076,0.460194805194805,0,0,0,1,0,1,1,0,0,30,3.67
2,74.8,2,16,6.46869,1.08076,0.572751677852349,0,0,0,0,0,0,1,0,0,29,6.67
4,83.2,2,16,6.6109,1.08076,0.338641975308642,0,1,0,1,1,0,0,0,1,23,23
4,75,2,14,6.32353,1.08076,0.342810810810811,0,0,0,0,1,1,1,0,1,29,14.33
4,72.1,2,18,6.32353,1.08076,0.396508875739645,0,0,0,0,1,1,0,1,1,30,21
4,73.5,2,12,6.32353,1.08076,0.460194805194805,0,0,1,1,1,1,1,0,1,28,15.33
4,61,1,12,6.32353,1.08076,0.407847222222222,0,0,0,1,1,1,0,0,0,24,23.33
2,77.8,2,8,6.32353,1.08076,0.448551724137931,0,0,1,1,0,1,0,0,0,30,9.67
2,89.6,1,16,6.32353,1.08076,0.465686274509804,0,0,0,0,0,0,1,1,0,30,9.67
4,70.1,2,12,5.90131,1.08076,0.384842105263158,0,0,0,1,1,1,1,0,0,29,8.33
4,73.8,1,18,6.19909,1.08076,0.439675324675325,0,1,0,0,1,1,0,0,1,30,8
2,72.4,2,13,7.54147,1.08076,0.435093167701863,0,0,0,0,0,0,1,0,0,26,15
4,74,2,12,6.98084,1.08076,0.41271523178808,0,1,0,1,1,0,1,0,1,30,6.67
4,72.7,2,14,6.32353,1.08076,0.350975609756098,0,0,0,0,0,1,1,0,1,21,26.67
4,65.3,1,12,5.20532,1.08076,0.413566433566434,0,0,0,1,1,1,0,0,0,24,19
4,74.4,2,12,5.47043,1.08076,0.460194805194805,0,0,0,1,1,1,1,0,1,24,16.33
2,71.4,1,16,6.32353,1.08076,0.469121621621622,0,0,0,0,0,0,1,0,0,30,8.33
2,77.9,2,16,5.78411,1.08076,0.460194805194805,0,0,0,0,1,1,1,0,0,28,7
4,76.8,2,20,5.95441,1.08076,0.374395604395604,0,0,1,0,1,0,0,0,1,27,21.67
2,84.3,1,16,6.32353,1.08076,0.42410071942446,0,0,0,0,0,0,1,0,1,30,7
4,55.1,1,18,5.25741,1.08076,0.460194805194805,0,0,0,0,1,0,1,0,0,28,19
4,74.2,2,20,5.15852,1.08076,0.290434782608696,0,0,0,0,0,1,0,0,0,21,31.67
2,78.3,1,13,6.32353,1.08076,0.526853146853147,0,1,0,1,1,1,1,1,1,28,14.67
3,72.8,2,16,6.32353,1.08076,0.460194805194805,0,0,0,0,0,0,1,0,1,29,11
3,72.8,2,16,6.32353,1.08076,0.460194805194805,0,0,1,0,1,1,1,0,0,29,11
4,82.6,1,14,6.32353,1.08076,0.353708609271523,0,1,1,1,1,0,0,0,0,25,16.67
4,71.6,2,20,6.32353,1.08076,0.460194805194805,0,1,1,1,0,1,0,0,0,27,16.67
3,72.8,2,16,6.32353,1.08076,0.460194805194805,0,0,1,0,1,0,0,0,0,29,11
2,78.4,1,19,5.90537,1.08076,0.421554054054054,0,1,1,0,1,1,0,1,1,27,-4
2,72,1,15,6.32353,1.08076,0.520839694656488,0,1,0,1,0,1,0,1,1,29,6.67
4,68.9,1,18,6.32353,1.08076,0.460194805194805,0,1,0,0,0,1,1,0,0,26,22.67
4,71.1,1,18,5.90046,1.08076,0.460194805194805,0,1,1,0,1,1,0,0,0,25,26
4,76.4,2,12,6.32353,1.08076,0.388908045977012,0,1,0,0,0,1,1,0,1,29,13.33
2,72.9,2,14,6.32353,1.08076,0.441085714285714,0,0,0,0,1,1,1,0,1,30,9.67
4,82.7,2,20,6.32353,1.08076,0.365833333333333,1,0,0,0,1,1,1,0,1,30,18.67
4,73.4,2,20,6.32353,1.08076,0.409461077844311,1,0,0,0,1,0,0,0,1,29,12
4,85.9,2,16,6.32353,1.08076,0.460194805194805,0,1,1,0,1,1,1,1,1,28,5
4,77.9,2,17,6.32776,1.08076,0.377934782608696,0,1,1,1,0,0,0,0,0,29,16.67
3,64.8,2,16,5.62992,0.96748,0.516081081081081,0,0,1,0,1,1,0,0,0,30,5
3,62.9,1,20,6.85614,1.0439,0.584411764705882,0,1,1,1,1,1,0,0,1,29,7
3,76.4,1,18,6.97386,1.06299,0.502317880794702,0,0,0,0,1,0,0,0,0,30,13
3,66,2,18,5.99604,1.35022,0.52189349112426,0,1,1,1,0,1,1,1,0,29,4
3,82.5,1,14,6.54349,1.02621,0.460194805194805,0,0,0,0,1,1,1,1,0,28,15
3,61.9,1,14,6.98444,1.03356,0.529253731343284,0,0,1,0,0,1,1,0,1,30,7
3,72.5,2,16,6.75988,1.02852,0.470065789473684,0,0,0,1,1,1,1,1,0,29,10
3,66.7,1,14,6.4804,1.08076,0.522027972027972,0,0,0,1,1,0,0,0,1,29,5
3,69.5,2,20,5.79911,1.02945,0.281204819277108,0,0,0,0,1,1,0,0,0,24,18
3,72.3,2,16,5.82131,1.61197,0.405380434782609,0,1,1,1,1,0,0,0,0,30,2
3,77.4,2,18,7.24593,1.673,0.411597633136095,0,1,0,1,1,1,0,1,1,28,20
3,73.1,2,20,6.32353,1.00037,0.460194805194805,0,0,0,0,1,1,0,1,0,29,11
3,75.2,2,18,5.9393,1.34239,0.445093167701863,0,1,1,1,1,0,1,1,0,25,17
3,72.8,2,16,6.32353,1.08076,0.460194805194805,0,1,0,0,1,0,1,0,0,29,11
3,73.9,1,13,6.32353,1.08076,0.539480519480519,0,0,1,1,1,0,1,0,1,27,8
3,66,1,16,7.13578,1.07708,0.499583333333333,0,0,0,1,0,0,1,0,0,28,9
3,83.1,2,20,5.5719,1.46096,0.40920245398773,0,1,1,0,0,1,0,0,0,27,22
3,72.8,2,16,6.32353,1.08076,0.460194805194805,0,0,0,1,1,0,0,0,1,29,11
3,72.8,2,16,5.84663,0.916105,0.364533333333333,0,0,0,0,1,1,1,0,0,30,10
3,63.4,1,20,7.41047,1.33998,0.486575342465753,0,0,1,0,1,1,0,0,1,28,10
3,62,2,16,6.44582,1.03709,0.513972602739726,0,1,0,1,1,1,1,1,1,29,20
3,65.5,2,13,6.96506,1.44389,0.430787878787879,0,0,0,0,1,0,0,1,1,24,17
3,88.3,1,12,5.99283,1.03643,0.304087591240876,0,0,0,0,1,1,0,0,1,27,24
3,69.5,2,16,5.65253,1.46032,0.550974025974026,0,1,0,0,1,1,1,0,0,25,14
3,59.5,1,16,6.44932,1.03071,0.597101449275362,0,1,1,0,1,1,0,0,1,30,5
3,83.7,1,18,5.38759,1.08076,0.437985611510791,0,0,0,0,0,1,0,0,0,30,15
3,87.8,1,13,6.27201,1.4694,0.460194805194805,0,0,0,0,1,1,0,0,1,27,15
3,72.8,2,16,6.32353,1.08076,0.460194805194805,0,0,1,1,0,0,1,0,0,29,11
3,75.2,2,14,6.32353,1.08076,0.407329192546584,0,0,0,1,1,1,0,0,0,25,18
3,71.7,2,12,8.03395,1.11799,0.442704402515723,1,0,1,1,1,0,0,0,1,28,7
3,67.8,1,14,6.90087,1.25371,0.437151898734177,0,1,0,0,0,1,0,0,1,28,9
3,63.9,1,18,6.27135,1.01987,0.488618421052632,0,0,1,0,1,0,0,0,1,30,3
3,82.3,1,15,6.32353,1.08076,0.460194805194805,0,0,0,0,1,0,0,0,1,29,16
3,78.1,1,17,6.32353,1.08076,0.417875,0,0,1,1,1,1,0,0,0,29,9
3,76.4,2,16,5.50559,1.36498,0.295081081081081,0,0,0,1,1,0,0,0,1,30,12
3,62.5,1,18,6.45979,1.7052,0.448301886792453,0,1,1,1,0,0,1,0,1,26,11
3,82.7,1,12,6.32353,1.52084,0.350368098159509,0,0,0,0,0,1,1,0,0,24,11
3,66.3,2,18,7.08904,1.02279,0.460194805194805,0,0,0,1,1,0,0,1,1,30,7
3,67.8,1,14,6.32353,1.08076,0.429803921568627,0,0,0,0,1,1,1,0,1,30,3
3,72.7,2,14,6.32353,1.08076,0.460194805194805,0,1,1,0,1,1,1,0,0,28,6
3,70.6,2,16,5.0466,1.03454,0.460194805194805,1,0,0,0,1,0,1,1,1,28,2
3,76.6,2,14,6.16715,0.963467,0.62431654676259,1,0,0,1,1,1,1,1,0,28,11
3,68.9,1,14,6.54,1.25021,0.517832167832168,0,1,0,0,0,1,1,0,0,28,12
3,70.9,1,16,7.52056,1.13365,0.523133333333333,0,0,0,0,0,0,1,1,1,27,11
3,80.7,2,18,6.53389,1.38131,0.374493670886076,0,0,0,0,1,0,1,0,0,29,4
3,72.8,2,16,6.32353,1.08076,0.460194805194805,1,0,1,0,0,0,1,0,0,29,11
3,72.8,2,16,6.32353,1.08076,0.460194805194805,0,1,1,1,1,0,0,0,0,29,11
3,77.6,1,12,5.4883,1.05668,0.536962962962963,0,0,1,0,1,1,1,1,1,27,17
3,83,2,18,6.1717,0.963184,0.472516556291391,0,0,0,0,1,0,1,1,0,25,13
3,73,2,17,6.32353,1.08076,0.422658959537572,0,0,0,0,1,0,1,0,1,30,9
3,57.7,1,13,6.73507,1.02621,0.515153374233129,0,1,0,0,0,1,1,0,0,25,10
3,82.4,2,20,6.73129,1.46269,0.418775510204082,0,0,0,1,0,0,1,0,0,26,12
3,66.7,1,18,6.50975,1.02305,0.504779874213837,0,0,0,0,1,1,1,1,1,30,4
3,72.8,2,16,6.32353,1.08076,0.460194805194805,0,1,1,0,1,1,1,0,1,29,11
3,68,2,13,5.41395,1.55042,0.424514285714286,0,1,1,0,0,0,1,0,1,29,16
3,68.2,1,14,6.58399,1.62557,0.474592592592593,0,1,0,1,0,1,0,1,1,26,13
3,72.8,2,16,6.32353,1.08076,0.460194805194805,0,0,0,1,1,1,1,0,1,29,11
3,76,1,14,6.32353,1.08076,0.578787878787879,0,0,0,1,1,1,1,0,0,28,13
3,63.7,1,18,7.02068,1.00086,0.51021897810219,0,0,0,0,0,1,1,0,1,30,11
3,84.7,2,12,6.32353,1.08076,0.317134502923977,0,0,0,0,0,1,1,0,1,26,19
3,68.8,2,16,6.13017,0.980305,0.587364864864865,0,1,0,1,0,1,1,1,1,30,11
3,72.8,2,16,6.32353,1.08076,0.460194805194805,0,0,1,1,1,0,1,0,0,29,11
3,82.3,1,14,6.05943,1.3702,0.460165289256198,0,0,0,0,1,1,1,0,0,30,9
3,68.1,2,14,4.6645,1.3595,0.390693641618497,0,1,1,0,1,0,1,0,1,25,19
3,74.3,2,18,6.81256,1.15295,0.460855263157895,0,0,0,1,1,0,0,0,1,29,15
3,82,2,20,6.14629,0.939336,0.37879746835443,0,0,1,1,1,0,0,0,1,29,14
3,70.4,2,20,6.4743,1.21186,0.530363636363636,0,0,0,1,1,1,1,1,1,30,9
3,55.5,1,19,7.1397,1.16544,0.550137931034483,0,1,0,1,0,1,0,0,0,30,4
3,63.6,1,16,7.3048,0.935632,0.558968253968254,1,0,0,0,1,1,1,0,1,28,5
3,72.8,2,16,6.32353,1.08076,0.460194805194805,0,0,1,0,1,1,0,1,1,29,11
3,68.5,2,18,8.76662,1.03989,0.469271523178808,0,0,0,0,0,0,0,0,1,30,11
3,73.5,1,15,6.82968,1.1337,0.571818181818182,0,1,0,1,0,1,0,0,0,27,8
3,72.8,2,16,6.32353,1.08076,0.460194805194805,0,1,0,1,1,0,0,0,1,29,11
3,57,1,20,6.98926,1.0632,0.646194029850746,0,1,0,0,1,0,0,0,0,29,4
3,65.1,2,19,7.55605,1.02112,0.462426035502959,0,0,0,0,0,1,1,0,0,27,15
3,76.1,2,12,6.32353,1.08076,0.457744360902256,0,1,0,0,1,1,0,0,0,27,17
3,75.8,2,15,6.32353,1.08076,0.528775510204082,0,0,0,1,1,0,1,0,1,30,14
3,62,2,16,6.79011,1.03798,0.475128205128205,0,1,0,0,1,0,0,0,1,28,10
3,69.3,2,18,5.67273,1.37334,0.474606060606061,0,1,0,1,1,1,0,0,0,29,14
3,64,2,18,5.39495,1.21102,0.334202898550725,0,1,0,1,1,0,0,0,1,25,19
3,72.8,2,16,6.32353,1.08076,0.460194805194805,0,1,0,0,1,1,1,0,0,29,11
3,72.8,2,16,6.32353,1.08076,0.460194805194805,0,1,1,0,0,0,0,0,1,29,11
3,65.7,2,19,6.8904,1.00935,0.591949685534591,0,0,0,0,1,0,1,0,1,30,14
3,61.3,2,17,7.57598,1.03353,0.501834319526627,1,0,1,0,1,1,0,0,1,28,6
3,78.6,1,18,6.36293,1.08076,0.36961038961039,0,0,0,1,0,1,0,1,0,30,21
3,74.8,2,15,6.32353,1.08076,0.460194805194805,0,0,1,0,0,0,0,1,0,30,5
3,72.8,2,16,6.32353,1.08076,0.460194805194805,0,0,0,0,1,1,1,0,0,29,11
3,72.8,2,16,6.32353,1.08076,0.460194805194805,0,1,0,0,1,1,0,0,1,29,11
3,72.8,2,16,6.32353,1.08076,0.460194805194805,0,1,0,1,1,0,1,0,0,29,11
3,70.5,1,16,6.81708,0.992461,0.582677165354331,1,0,0,0,1,0,0,0,1,29,9
3,72.8,2,16,6.32353,1.08076,0.460194805194805,0,1,0,0,1,0,0,0,0,29,11
3,72.9,1,12,5.65087,1.53293,0.936418235160229,0,1,1,0,0,0,0,0,0,28,10
3,71.6,2,12,6.10146,1.04725,0.392817679558011,1,0,0,1,1,0,0,0,1,30,5
3,63,2,15,6.50871,1.07769,0.590671641791045,0,1,1,1,0,1,0,0,1,29,9
3,58.8,2,13,6.76274,0.977251,0.620909090909091,0,0,1,0,1,0,1,0,1,27,13
3,74.7,2,20,5.71646,1.27345,0.460194805194805,0,1,0,0,1,1,0,1,1,27,12
3,79,1,13,6.15333,1.25429,0.361138211382114,0,1,0,0,1,0,0,0,0,25,19
3,81.3,1,18,6.58581,0.956191,0.412275862068965,0,0,0,1,1,0,0,1,0,28,17
3,59.9,2,19,7.2737,1.04451,0.513255813953488,0,1,1,0,1,1,0,0,0,29,10
3,66,2,18,6.88002,1.12793,0.573431952662722,0,0,0,1,1,0,0,1,0,26,8
3,67.8,2,16,6.70435,1.21613,0.437738095238095,0,1,1,0,0,1,0,0,1,30,17
3,69.1,2,16,6.11919,1.50097,0.340363636363636,0,1,0,0,1,1,0,1,1,28,18
3,57.8,1,15,7.25295,0.913357,0.460194805194805,0,0,0,1,1,1,1,1,1,29,14
3,87.8,1,12,5.83019,1.35902,0.45922480620155,0,0,1,1,1,1,0,0,1,26,14
3,71.7,1,12,5.81843,1.83884,0.545714285714286,0,1,0,0,0,0,0,0,1,27,23
3,70.2,1,14,6.32353,1.08076,0.583310344827586,0,0,1,1,0,1,0,1,0,28,17
3,71.5,2,13,4.56128,1.16546,0.4516875,0,1,1,0,0,1,0,0,1,24,25
3,79.1,1,15,6.47881,1.48078,0.332272727272727,0,0,1,0,0,1,1,1,1,26,32
3,71.6,1,13,7.30703,1.01755,0.499253731343284,0,0,1,0,1,1,1,0,0,28,14
3,68,1,16,7.04176,0.961538,0.238790322580645,0,0,0,0,1,0,1,0,1,29,18
1,88.5,1,9,5.58086,1.08076,0.460194805194805,0,0,0,0,1,1,1,0,1,16,45
2,72.3,1,16,6.0299,1.33232,0.555971223021583,0,1,1,0,1,1,0,0,0,30,9
3,66.8,1,14,5.83389,1.02501,0.493309352517986,0,0,1,0,0,0,0,0,0,30,3
3,70.5,2,16,6.2879,1.42801,0.394114285714286,0,1,0,1,0,0,1,0,1,29,14
3,78.1,2,20,7.11386,1.72573,0.486241134751773,0,1,0,0,1,1,0,0,1,30,13
1,90.3,2,17,5.73403,0.861923,0.344503816793893,0,0,1,1,0,0,0,0,1,25,29
2,70.8,1,18,6.32353,1.08076,0.460194805194805,0,0,0,1,1,1,0,0,1,30,2
3,68.9,1,16,6.57008,1.12693,0.502985074626866,0,0,0,1,1,0,1,0,0,30,9
4,73.6,1,20,5.08262,1.52139,0.321232876712329,0,1,0,0,1,0,0,0,0,24,30
2,76.1,2,18,6.6566,0.933145,0.507532467532468,0,0,0,0,0,1,1,0,1,30,12
2,66.5,2,16,6.53852,1.05091,0.51377358490566,1,0,1,1,0,0,1,0,0,30,12
2,66.5,2,20,6.50043,0.96148,0.473496932515337,0,0,0,1,1,0,0,0,0,29,5
1,55.9,1,16,6.32353,1.08076,0.460194805194805,0,1,0,1,0,0,1,0,0,22,41
2,73.5,2,16,6.21095,1.2131,0.460194805194805,1,0,0,0,0,1,0,0,1,29,4
2,63.5,1,18,6.63997,1.05826,0.510238095238095,0,0,1,0,0,0,1,0,1,30,6
4,61.1,2,20,6.97267,1.08076,0.522742857142857,0,1,0,0,1,1,0,0,1,26,10
4,68.3,1,12,6.32353,1.49958,0.354509803921569,0,1,1,0,0,1,0,0,0,24,30
2,70.2,1,14,6.5468,1.05599,0.562,0,0,0,0,1,1,1,1,1,28,3
3,72.8,2,16,6.32353,1.08076,0.460194805194805,0,1,0,0,1,1,0,0,1,29,11
4,72.6,1,16,6.32353,1.52812,0.515310344827586,0,1,0,0,0,1,1,1,1,22,26
3,74,2,20,6.32353,0.961119,0.563263888888889,0,0,0,0,0,1,1,0,0,29,15
2,75.6,2,16,6.33194,0.996061,0.460404624277457,0,0,1,1,1,1,1,0,1,24,23
1,55.9,2,19,6.32353,1.08076,0.438367346938776,0,1,0,0,0,0,1,0,1,13,64
2,77.9,1,18,6.41978,0.918534,0.415983606557377,0,0,0,1,1,1,1,1,1,26,19
4,57.2,2,18,6.02518,1.36828,0.58463768115942,0,0,0,0,0,1,1,1,0,26,28
2,82.1,2,20,7.52065,0.95276,0.49253164556962,0,0,0,0,1,1,1,0,1,30,5
3,72.8,2,16,6.32353,1.08076,0.460194805194805,0,1,0,0,1,1,1,0,1,29,11
4,84.6,1,16,6.32353,1.08076,0.404598540145985,0,1,1,0,1,1,0,0,1,24,33
3,72.8,2,16,6.32353,1.08076,0.460194805194805,0,1,0,1,1,0,1,1,1,29,11
2,84.4,2,18,6.0428,1.14219,0.480254777070064,1,0,1,0,1,1,1,0,1,30,11
4,64.1,1,16,7.01378,1.20001,0.468992805755396,0,1,1,0,1,1,1,0,1,27,10
3,59.2,1,13,6.62038,1.01,0.605470085470086,0,0,1,1,0,0,1,0,1,30,11
3,72.8,2,16,6.32353,1.08076,0.460194805194805,0,0,0,1,1,1,1,0,1,29,11
3,62.3,1,16,6.86153,0.940074,0.563352941176471,0,0,1,1,1,1,1,1,0,28,5
3,76.2,2,11,6.32353,1.08076,0.460194805194805,1,0,1,0,0,0,0,0,1,30,13
2,73.4,2,16,5.22855,0.989914,0.434358974358974,0,1,0,0,1,1,1,0,1,30,12
2,72.6,1,20,7.12094,0.918353,0.494421768707483,0,0,0,1,1,1,1,0,0,28,10
4,75.4,2,18,6.32353,1.08076,0.374505494505495,0,0,1,1,1,1,1,1,1,29,23
4,64.5,1,20,6.32353,1.08076,0.384137931034483,0,1,0,1,1,1,1,0,1,22,33
3,72.8,2,16,6.32353,1.08076,0.460194805194805,0,0,0,0,1,1,1,0,1,29,11
2,72.7,1,12,6.09347,1.79162,0.487350427350427,0,1,0,1,0,1,0,0,1,28,14
2,75.4,2,17,6.46888,0.948406,0.434945652173913,0,1,1,0,1,1,0,0,1,26,3
2,68.4,1,18,6.43793,0.972658,0.568278145695364,0,0,0,1,0,1,0,0,0,30,6
2,81.8,2,20,6.89048,1.36073,0.507235772357724,0,0,1,1,1,1,0,0,0,25,13
1,73.7,2,18,5.20472,1.48163,0.367534246575343,0,1,1,0,0,1,1,1,1,18,49
2,81.5,1,14,6.32353,1.08076,0.415364238410596,0,0,1,0,1,1,0,0,0,29,15
3,72.8,2,16,6.32353,1.08076,0.460194805194805,0,0,1,1,1,1,0,0,0,29,11
4,60,1,12,6.19516,1.03966,0.569059829059829,0,0,1,1,1,0,0,0,1,26,12
4,84.5,2,9,6.32353,1.08076,0.460194805194805,0,1,0,1,1,0,1,0,1,29,11
3,72.8,2,16,6.32353,1.08076,0.460194805194805,0,0,0,1,1,0,1,0,0,29,11
2,78.5,1,12,6.18101,1.3022,0.449032258064516,0,0,1,0,0,1,0,0,1,30,10
3,72.8,2,16,6.32353,1.08076,0.460194805194805,0,0,1,1,0,1,0,0,1,29,11
2,70.9,2,20,6.23543,1.01957,0.459349593495935,0,0,1,0,0,1,0,0,1,30,14
2,72.4,2,20,6.32353,1.08076,0.481,0,0,0,1,1,1,0,0,1,29,10
4,55,1,14,7.32961,1.20311,0.507671232876712,0,1,1,0,1,1,1,0,1,27,27
4,67.4,2,18,6.82315,0.992178,0.55685534591195,0,0,1,0,0,0,1,1,1,29,18
2,79.3,2,20,6.55559,0.999075,0.46801282051282,0,0,1,0,1,1,1,0,0,30,8
2,81.8,1,17,5.87944,1.38693,0.454896551724138,0,0,0,0,1,0,1,0,1,27,15
2,89,2,16,5.3523,0.972713,0.434710144927536,0,0,1,0,0,0,0,0,0,27,8
4,66.9,2,17,6.32353,1.08076,0.460194805194805,0,0,0,0,1,1,0,1,0,29,11
2,75.8,1,12,6.32353,1.08076,0.460194805194805,0,1,0,1,1,1,1,0,1,27,9
3,63.1,1,16,6.88338,1.07864,0.606412213740458,0,0,0,1,0,1,1,0,1,28,2
3,72.8,1,12,5.60629,1.22507,0.388961038961039,0,1,0,1,1,1,0,0,0,24,14
3,72.8,2,16,6.32353,1.08076,0.460194805194805,0,1,1,1,0,1,0,0,0,29,11
3,79.7,2,18,6.32353,1.0911,0.501973684210526,0,1,0,0,1,1,1,0,1,29,11
3,68.8,1,16,6.32353,1.08076,0.460194805194805,0,1,0,1,1,1,1,0,1,28,8
4,88.4,1,14,5.87382,0.992094,0.294895104895105,1,0,0,1,0,1,0,1,0,22,24
3,72.8,2,16,6.32353,1.08076,0.460194805194805,0,0,1,0,1,1,1,0,1,29,11
3,63.6,1,19,6.18601,0.996793,0.379407407407407,0,0,1,1,1,1,0,0,1,29,19
3,61.8,2,14,6.66134,1.41165,0.49472049689441,0,1,1,0,0,1,0,0,0,30,10
2,73,2,18,6.54772,1.02519,0.562307692307692,0,0,0,1,1,0,1,0,0,30,4
3,73.3,2,14,6.9003,1.27303,0.452138728323699,0,1,0,1,1,1,1,0,0,28,15
2,73.9,2,14,6.43984,1.00807,0.4978125,0,0,0,1,1,1,0,0,1,30,16
2,72.2,2,14,6.16625,1.46605,0.571769230769231,1,0,0,0,1,1,1,0,1,26,11
3,72.8,2,16,6.32353,1.08076,0.460194805194805,0,0,0,1,0,1,1,0,1,29,11
1,79.3,2,20,4.96088,1.53913,0.308363636363636,0,1,0,1,1,1,1,1,1,19,34
3,81.1,1,19,6.32353,1.08076,0.367703703703704,0,0,0,1,1,0,1,0,1,26,14
2,84.3,2,18,6.56624,0.983267,0.425492957746479,1,0,1,0,1,0,1,0,1,30,6
3,71,1,19,6.45384,1.05794,0.428627450980392,0,0,0,0,0,1,0,0,0,30,9
3,74.1,2,12,6.72069,0.939888,0.413522012578616,0,0,1,1,1,1,0,0,0,29,14
4,71.3,1,16,5.80445,1.46313,0.407762237762238,0,1,0,0,1,0,1,0,1,22,24
2,72.6,2,12,6.9599,0.990491,0.460194805194805,0,0,1,0,1,1,0,0,0,28,11
4,69.5,1,16,4.21091,1.35443,0.366351351351351,0,1,0,1,1,1,0,0,0,21,30
3,82.2,2,17,6.51217,1.0823,0.509097222222222,0,1,1,1,1,1,1,0,0,27,8
4,62,1,13,6.34887,1.04291,0.478980891719745,0,0,1,1,1,1,0,0,0,26,9
4,69.4,2,16,4.5865,1.08076,0.460194805194805,0,0,1,1,0,1,1,0,0,22,38
1,75.8,2,16,5.04527,1.00925,0.415147928994083,0,0,0,1,1,1,0,0,1,11,66
2,69.8,1,12,7.0047,1.08233,0.498846153846154,1,0,0,0,1,1,0,1,1,30,8
3,72.8,2,16,6.32353,1.08076,0.460194805194805,0,1,1,1,1,1,0,0,1,29,11
3,75.5,2,20,6.32353,1.08076,0.579931972789116,0,1,1,1,1,1,1,0,1,30,6
2,84,2,20,6.1794,1.27516,0.459698795180723,0,1,0,0,1,0,1,0,0,30,9
2,84.9,2,20,6.32353,1.0462,0.512046783625731,0,0,0,0,1,0,1,0,1,30,9
2,83,2,20,6.51507,1.58406,0.399047619047619,0,1,1,0,1,0,1,0,0,27,11
3,62.3,1,20,7.16722,1.04406,0.510503597122302,0,0,0,0,0,0,1,1,1,29,2
3,80.4,2,20,5.55437,1.06092,0.425281690140845,0,0,0,1,1,0,1,0,0,28,5
4,62,2,16,7.79714,1.01062,0.527453416149068,1,0,0,1,0,1,0,0,1,26,14
3,77.2,2,14,6.13018,1.20093,0.354655172413793,0,1,0,0,1,0,0,1,0,28,27
4,73.1,1,15,5.92819,1.25053,0.29538961038961,0,1,0,0,1,1,0,0,0,24,11
1,82.2,2,12,5.18519,1.45219,0.282242424242424,0,1,1,0,1,0,0,0,1,17,33
1,62.2,2,16,3.76705,1.37851,0.37531914893617,0,1,1,1,1,1,0,0,1,15,48
2,78.4,2,14,6.1248,1.37802,0.460194805194805,0,0,0,0,0,0,1,0,0,28,1
4,79.3,2,20,6.43799,1.60866,0.363248407643312,0,1,1,1,0,0,0,0,0,29,19
3,59,2,16,6.81511,0.96773,0.573841059602649,0,0,1,1,1,1,1,0,1,29,11
2,70.2,1,18,7.25814,1.03141,0.523533333333333,1,0,0,1,1,1,1,0,0,30,4
4,74.4,1,17,6.32353,1.38366,0.328775510204082,0,1,0,1,1,1,1,1,0,26,20
3,81.4,1,18,6.32353,1.08076,0.459722222222222,0,0,1,0,0,1,1,0,1,30,10
3,68.6,2,17,6.37052,1.02516,0.435454545454545,0,0,0,0,0,1,1,0,1,26,13
2,78.2,2,20,6.61782,1.03286,0.367939393939394,0,0,0,1,0,1,0,0,0,30,5
3,72.8,2,16,6.32353,1.08076,0.460194805194805,0,0,0,0,1,1,0,0,0,29,11
4,63.9,2,18,7.11102,0.995689,0.56801282051282,0,1,0,1,1,0,1,0,1,29,15
1,80.9,1,15,5.10881,1.2631,0.326616541353383,0,0,0,1,0,1,1,0,0,16,26
2,78,1,14,6.54926,1.01249,0.404466666666667,0,0,0,0,1,1,0,0,0,29,1
4,74.2,2,20,5.73336,1.05146,0.4506,0,0,1,0,1,1,1,0,1,30,10
1,81.6,2,20,5.42844,1.52181,0.412816901408451,0,1,0,1,1,1,0,0,0,21,20
3,76.4,2,16,6.25169,1.08076,0.466583850931677,0,0,0,0,1,1,1,0,0,28,9
2,80.7,2,16,5.79998,0.990323,0.444,0,0,0,0,1,0,1,0,1,29,9
3,72.8,2,16,6.32353,1.08076,0.460194805194805,0,0,1,1,0,1,0,0,0,29,11
3,71.2,1,18,5.9852,1.02883,0.572352941176471,0,0,0,1,1,1,1,0,0,30,5
3,72.8,2,16,6.32353,1.08076,0.460194805194805,0,0,1,0,0,1,1,0,1,29,11
2,75.1,2,20,6.40938,1.02524,0.460194805194805,0,0,0,1,1,1,0,0,1,28,7
2,69.9,2,20,6.92415,1.5948,0.409319371727749,0,1,0,1,0,1,1,0,0,30,6
3,62.9,1,17,6.92149,1.15128,0.671666666666667,0,0,0,1,1,1,1,0,1,30,3
3,74.2,2,16,6.32353,1.08076,0.544428571428571,0,0,0,0,1,0,1,0,1,27,16
3,63.8,2,16,5.39221,1.53715,0.374615384615385,0,0,1,0,0,0,1,0,0,25,16
3,80.9,1,13,5.94854,1.00596,0.403576158940397,0,0,1,1,0,1,1,0,0,27,21
4,70.8,2,20,5.09176,1.36183,0.304932432432432,0,1,0,0,0,0,0,0,0,25,38
3,72.8,2,16,6.32353,1.08076,0.460194805194805,0,0,0,1,0,0,1,1,0,29,11
4,79.3,2,18,6.32353,1.5381,0.282795698924731,0,0,0,0,0,0,1,0,1,19,35
4,78.5,2,20,4.95493,1.22021,0.358540540540541,0,1,1,1,0,0,1,1,1,21,31
3,72.8,2,16,6.32353,1.08076,0.460194805194805,0,0,1,1,0,1,0,0,0,29,11
1,86.5,1,16,5.31877,1.47188,0.302620689655172,0,1,1,1,1,0,1,1,1,15,37
2,85.9,1,12,6.32353,1.01315,0.44616,0,0,0,1,1,1,0,0,1,27,9
3,72.8,2,16,6.32353,1.08076,0.460194805194805,0,1,0,1,0,1,1,1,1,29,11
1,75.8,2,14,6.07452,1.39922,0.466589595375723,0,1,0,1,1,0,1,0,0,24,26
3,63,1,20,5.14231,1.26005,0.420979020979021,0,1,0,1,1,1,1,0,1,29,3
2,72.8,1,16,5.67548,1.43131,0.439240506329114,0,0,1,0,0,1,0,0,0,27,6
4,74.3,2,20,5.40491,1.79972,0.351875,0,1,0,1,0,1,1,0,0,25,25
2,69.8,1,14,6.28334,1.40123,0.460194805194805,0,1,0,0,1,1,1,0,0,30,6
3,63.5,1,15,6.32353,0.956443,0.460194805194805,0,0,0,1,1,1,0,0,0,30,7
2,65.6,1,20,6.40017,0.986431,0.5832,1,0,0,0,1,1,1,1,1,29,6
2,74.6,1,16,6.89041,1.67984,0.459271523178808,0,1,0,1,0,1,1,0,0,30,5
3,61.8,2,20,6.40411,1.02207,0.306950354609929,1,0,0,0,1,0,0,0,1,30,12
3,70.9,2,12,6.85707,1.14868,0.495639097744361,0,0,0,0,1,0,1,0,1,25,15
3,72.8,2,16,6.32353,1.08076,0.460194805194805,0,1,0,1,1,1,1,0,0,29,11
2,72.8,2,18,6.33352,0.945942,0.478787878787879,0,0,1,1,0,1,1,1,1,29,7
2,73.9,1,12,6.32353,1.08076,0.473055555555556,0,1,0,1,1,0,0,1,0,30,4
2,71.4,1,18,6.32353,1.08076,0.438976377952756,1,0,0,1,1,0,0,0,0,30,5
2,75,2,14,5.90925,1.39413,0.460194805194805,0,1,0,1,0,1,1,0,1,29,14
2,83.7,2,16,6.32353,1.08076,0.488943661971831,0,0,1,0,1,0,0,0,1,30,13
1,79.7,2,16,6.32353,1.08076,0.460194805194805,0,1,1,0,0,1,1,0,0,22,31
3,77.5,1,18,7.06271,1.04085,0.510347222222222,0,0,0,0,0,1,0,0,1,26,18
1,89.6,2,12,6.32353,1.08076,0.460194805194805,0,1,1,1,0,0,1,0,1,21,37
3,74,2,16,6.24925,0.968457,0.436079545454545,0,0,1,0,1,0,0,0,0,29,14
4,70.9,1,17,6.838,1.49344,0.593953488372093,0,1,0,1,1,0,0,1,0,28,13
2,72.5,1,14,7.24786,1.08076,0.559338842975207,0,0,0,0,1,0,1,0,0,28,11
2,73.5,2,20,5.8318,1.14794,0.356111111111111,0,1,0,1,0,1,1,1,0,29,11
2,75.5,1,20,5.6879,1.49189,0.460194805194805,0,0,0,0,0,0,1,0,0,30,4
2,70.9,2,15,6.95847,1.02474,0.522789115646259,0,0,0,1,0,1,0,0,1,28,7
4,69.7,2,12,6.22905,0.947177,0.529113924050633,0,0,0,0,1,1,1,0,1,22,23
4,75.2,1,16,6.16086,1.43408,0.372748091603053,0,1,1,0,1,1,1,1,0,26,22
3,76.8,1,12,6.03316,0.920142,0.42993006993007,1,0,0,1,0,1,1,0,1,28,12
3,74.6,2,18,6.03097,1.05591,0.287272727272727,0,0,0,1,0,1,1,0,1,30,10
4,76.1,2,20,5.50855,1.08076,0.44516339869281,0,0,0,1,1,1,0,0,0,24,27
4,80.2,1,20,6.32353,1.08076,0.460194805194805,0,1,0,0,1,0,1,0,0,27,25
2,74,2,16,6.32353,1.08076,0.460194805194805,1,0,1,0,0,1,0,1,1,28,13
3,62.3,1,17,6.4885,1.04835,0.504331210191083,0,1,1,1,0,1,1,0,0,30,11
4,72.5,1,18,5.83655,1.05893,0.354064516129032,0,0,1,1,1,1,1,0,1,30,8
3,69.3,2,17,6.05074,1.03868,0.494929577464789,1,1,0,0,1,1,0,0,0,27,15
2,77,1,18,6.31162,0.975477,0.529795918367347,0,1,0,1,1,1,1,0,1,29,8
2,70.7,1,12,7.26133,1.16456,0.575202702702703,0,0,0,0,0,0,1,0,1,30,2
4,62.8,1,14,6.32353,1.08076,0.38406015037594,1,1,1,1,1,1,0,0,0,24,37
3,67.6,1,14,6.59715,0.916673,0.566532258064516,0,1,0,0,1,1,1,1,0,25,9
3,75.3,1,15,5.03288,1.01684,0.474303797468354,0,1,0,0,0,0,1,0,0,29,11
3,72.8,2,16,6.32353,1.08076,0.460194805194805,0,0,1,0,1,1,1,0,1,29,11
2,71.7,1,15,6.32353,1.08076,0.586524822695035,0,0,1,0,0,0,1,1,1,28,3
3,72.8,2,16,6.32353,1.08076,0.460194805194805,0,0,0,1,1,0,0,0,0,29,11
2,84.3,2,17,7.63126,1.45962,0.456467065868263,0,1,0,0,1,0,0,0,0,29,8
3,72.8,2,16,6.32353,1.08076,0.460194805194805,0,0,1,1,0,1,0,0,0,29,11
2,79.6,2,16,6.32419,1.46468,0.502287581699346,0,0,0,0,0,1,1,0,1,30,13
4,71.3,2,18,6.17838,1.20778,0.460194805194805,0,1,0,0,1,0,1,1,0,27,24
3,72.8,2,16,6.32353,1.08076,0.460194805194805,0,1,0,0,1,1,1,0,0,29,11
2,71.4,1,16,6.32353,1.04119,0.465939393939394,0,0,1,0,1,1,1,0,0,30,3
2,72.9,2,13,6.11786,1.05077,0.618741258741259,0,0,0,0,1,1,1,0,0,30,7
3,67.8,1,16,6.58291,1.28921,0.469241379310345,0,1,0,0,0,1,0,1,0,30,10
2,83.6,2,16,6.50483,1.10259,0.36478527607362,0,0,0,1,1,0,1,0,1,27,14
3,72.8,2,16,6.32353,1.08076,0.460194805194805,0,1,1,1,1,1,0,1,0,29,11
4,75.7,2,14,6.24865,1.00186,0.446,0,0,1,1,1,0,1,1,0,24,17
3,68.1,2,20,6.36006,1.06686,0.580194805194805,0,0,0,0,1,1,1,1,1,30,6
2,73.7,1,16,6.87542,1.05162,0.579477611940298,0,0,0,0,1,0,0,0,1,30,12
4,76.7,2,16,6.32353,1.08076,0.501712328767123,0,1,1,0,0,1,0,1,0,30,17
3,59.5,1,20,7.23104,0.97325,0.61,0,0,0,0,0,1,1,0,0,30,3
4,73.5,1,13,5.46885,1.62976,0.271891891891892,0,0,0,1,0,1,0,0,0,26,24
2,80.3,2,20,5.91742,1.07802,0.419880239520958,0,0,0,0,0,1,0,0,1,30,10
4,73.6,2,16,6.32353,1.08076,0.460194805194805,0,1,0,0,1,1,0,0,0,29,11
2,65.1,1,18,6.54165,1.01314,0.530958904109589,0,1,1,0,0,1,1,0,1,30,8
2,68.3,2,20,6.2757,0.959628,0.526102941176471,0,0,0,0,0,0,0,0,1,26,12
2,67.7,2,18,5.54229,1.17295,0.468208955223881,0,1,1,0,1,0,0,0,0,29,9
2,76.5,1,16,6.32353,0.949923,0.460194805194805,0,0,0,0,0,0,0,0,1,27,7
3,72.8,2,16,6.32353,1.08076,0.460194805194805,0,1,0,1,1,0,1,0,1,29,11
3,72.8,2,16,6.32353,1.08076,0.460194805194805,0,0,0,1,1,1,0,1,1,29,11
4,55,1,17,5.97845,1.04362,0.595217391304348,0,1,0,1,0,1,1,0,1,29,12
2,75.9,1,16,6.31464,1.01044,0.55047619047619,0,0,1,0,1,1,0,0,0,30,7
2,62.3,2,18,5.76872,1.02723,0.610833333333333,0,0,0,0,1,1,1,0,1,30,2
2,84.7,1,16,7.78813,2.66921,0.440071942446043,0,0,1,0,0,0,1,0,1,29,7
2,76.1,1,16,6.45,1.00748,0.485072463768116,0,1,0,0,0,1,0,0,1,28,9
2,66.8,2,18,5.84265,0.976134,0.502654320987654,0,1,0,0,1,1,0,0,0,30,4
3,76.2,1,12,7.34386,1.08224,0.52381679389313,0,0,1,1,0,1,1,0,0,30,13
2,74.4,2,12,7.0034,0.997913,0.478518518518519,0,0,1,1,0,1,1,0,0,29,12
3,82.4,2,12,5.58263,1.46455,0.361503267973856,0,0,0,0,1,1,1,0,0,25,19
2,73.5,2,20,6.34325,0.99341,0.432977528089888,0,0,0,0,1,0,1,0,0,29,8
4,75.9,1,18,6.1834,1.03161,0.428733333333333,0,0,0,0,1,0,1,0,1,30,5
4,72.4,1,16,7.34469,1.03973,0.49015873015873,0,0,1,1,1,1,1,0,0,26,9
2,78.4,1,12,6.32125,0.956527,0.520564516129032,0,0,0,1,1,1,1,1,0,29,7
2,77.9,1,16,6.83472,1.04922,0.518794326241135,0,1,0,1,1,0,1,0,1,29,8
2,67.5,1,20,6.32353,1.08076,0.460194805194805,0,1,0,0,1,0,1,0,0,30,4
4,72.9,1,12,6.32353,1.08076,0.359285714285714,1,1,0,0,1,0,0,0,0,18,31
3,72.8,2,16,6.32353,1.08076,0.460194805194805,0,1,1,1,1,1,1,0,0,29,11
3,82.5,1,12,6.19599,1.52804,0.460194805194805,0,0,0,0,1,1,1,0,1,25,17
3,71.4,2,18,6.32353,1.08076,0.480473372781065,0,1,0,0,1,0,1,0,0,30,7
4,78.9,2,19,5.70007,1.45259,0.385864197530864,0,0,0,0,0,1,1,0,0,28,20
3,72.8,2,16,6.32353,1.08076,0.460194805194805,1,0,1,0,1,1,0,1,0,29,11
2,69.1,1,14,6.06405,1.0103,0.477954545454545,0,0,0,1,1,0,0,0,0,30,5
4,60.8,1,18,5.83388,1.35981,0.405652173913043,0,1,1,0,0,0,1,0,1,25,29
3,75.1,1,13,5.39737,1.80907,0.423828125,0,1,0,0,1,0,0,0,1,26,14
3,74.4,2,16,5.78112,1.13716,0.451931818181818,0,0,0,1,1,1,0,0,0,30,10
3,63.8,1,18,6.32353,1.40671,0.593802816901408,1,1,1,1,1,1,0,0,0,29,6
3,81.4,2,18,6.32353,1.08076,0.460194805194805,0,0,1,0,0,0,1,0,1,29,11
2,75.1,1,14,6.32353,1.08076,0.504810126582279,1,0,0,1,1,0,1,0,0,28,7
2,66.2,1,12,6.32353,1.08076,0.460194805194805,0,1,0,1,1,0,1,0,1,28,7
4,77.2,2,16,6.55012,0.891379,0.460194805194805,1,0,0,0,1,0,1,0,0,26,22
2,72.6,2,18,5.95582,1.14995,0.460194805194805,0,0,0,0,0,1,1,0,0,30,12
2,77,2,14,7.41607,1.31699,0.4885625,0,0,0,0,1,0,0,0,0,28,3
4,80,2,15,4.72235,1.26624,0.265763888888889,0,0,0,0,1,0,0,0,1,18,40
3,74.1,2,16,6.32353,1.08076,0.460194805194805,0,0,0,0,1,1,0,0,0,26,18
3,72.8,2,16,6.32353,1.08076,0.460194805194805,0,0,0,0,1,1,0,0,1,29,11
3,67.9,2,12,6.58114,0.990106,0.5572,0,0,0,0,1,1,1,1,1,24,8
4,77.5,2,18,6.66005,1.25723,0.420571428571429,0,0,0,0,1,1,1,0,1,29,10
3,73.7,2,14,6.3297,0.96573,0.4692,0,0,0,1,1,0,1,0,1,29,14
3,67.5,1,19,7.13545,1.47724,0.467391304347826,0,1,1,0,0,1,0,0,1,30,3
2,63.8,1,16,6.43068,1.0364,0.460194805194805,0,0,0,0,1,1,1,1,0,29,9
2,66.9,1,12,6.32353,1.08076,0.460194805194805,0,0,0,0,1,1,1,0,0,29,11
2,65.9,2,16,6.3974,0.998315,0.477371794871795,0,0,1,0,1,1,1,0,0,29,3
3,64.2,2,18,6.32353,0.960161,0.518666666666667,0,0,1,1,1,0,0,0,1,26,16
3,72.8,2,16,6.32353,1.08076,0.460194805194805,0,0,0,0,1,0,1,0,0,29,11
4,76.1,1,16,4.45694,1.32687,0.457985611510791,0,1,0,0,0,0,1,0,1,25,25
4,71.3,2,18,5.22938,1.36654,0.344228571428571,0,0,0,0,1,1,1,0,0,25,31
3,66.5,2,13,6.32353,1.08076,0.464014084507042,0,1,1,1,1,0,1,0,0,25,9
2,70.4,2,16,6.32353,1.08076,0.570261437908497,0,1,0,0,1,1,0,0,1,30,6
3,61.1,1,16,7.48135,1.03596,0.460194805194805,0,1,1,0,0,1,0,0,1,30,6
2,79.8,2,16,6.30283,0.943979,0.439261744966443,0,0,0,1,1,0,0,0,1,29,6
2,66.1,2,19,7.01135,0.992833,0.540952380952381,0,1,0,1,0,0,0,0,0,30,9
3,74.8,2,16,6.4351,1.5014,0.458895027624309,0,1,1,0,1,1,0,0,0,29,9
3,72.8,2,16,6.32353,1.08076,0.460194805194805,0,0,0,1,1,1,0,1,0,29,11
3,72.8,2,16,6.32353,1.08076,0.460194805194805,0,1,0,1,1,1,1,0,1,29,11
3,88.6,2,11,6.32353,1.02491,0.421619718309859,0,0,1,1,0,0,1,1,0,26,5
3,63.8,1,12,6.32353,1.08076,0.582459016393443,0,1,1,1,1,0,1,0,1,28,7
2,77.2,1,16,6.76125,1.58383,0.545474452554744,0,0,0,1,1,0,1,0,0,30,3
2,69.5,1,15,7.15433,0.961296,0.553695652173913,0,0,0,0,1,1,0,0,1,29,3
2,73.3,2,17,7.05658,1.1642,0.509760479041916,0,0,0,1,1,1,0,0,0,30,14
2,72.6,2,18,6.32353,1.08076,0.460194805194805,0,0,0,1,1,1,0,1,1,30,9
4,74.2,2,20,6.47052,1.19041,0.501592356687898,0,0,0,0,1,1,0,0,0,29,9
2,84.1,2,19,6.36429,0.878026,0.452905405405405,0,0,0,1,1,1,1,0,1,30,7
1,71.1,2,12,5.29704,1.39559,0.320810810810811,0,1,1,0,0,1,1,1,1,21,34
2,76.1,1,16,7.26963,1.02126,0.491089743589744,0,1,0,0,1,1,1,0,0,30,4
3,77.5,1,14,6.32353,1.08076,0.349924812030075,0,0,1,1,1,1,1,0,0,22,22
2,83.8,2,20,7.19368,0.989789,0.525555555555556,1,0,0,0,1,1,0,0,0,29,20
1,90.3,1,13,5.00604,1.62941,0.422592592592593,0,0,0,1,0,1,0,0,1,15,43
1,79,2,18,5.44348,1.27314,0.240266666666667,0,1,1,0,1,1,1,0,0,22,41
4,58.5,1,20,3.86656,1.53357,0.377111111111111,0,1,0,0,1,1,1,0,0,18,43
2,71.7,1,19,6.54808,1.06618,0.49738255033557,0,0,1,0,0,0,1,0,0,29,3
2,80.4,1,20,6.63839,1.03094,0.440942028985507,0,0,1,0,1,1,1,0,0,30,2
2,71.5,2,19,5.93892,0.988073,0.460194805194805,0,0,0,0,1,1,1,1,0,29,11
4,78.2,2,16,6.32353,1.08076,0.460194805194805,0,1,0,0,1,0,0,0,1,25,25
4,66.4,1,12,5.9593,1.47011,0.481666666666667,0,1,1,1,0,1,0,0,0,30,17
3,60.6,2,19,7.08408,1.0836,0.498235294117647,0,1,0,0,1,1,1,0,1,30,0
3,67.6,1,14,6.32353,1.08076,0.584761904761905,0,1,1,0,0,0,0,0,1,27,21
4,74.6,2,19,5.23228,1.52198,0.275,0,1,0,1,0,0,1,0,0,15,48
2,71.4,2,20,7.05311,1.02126,0.486490066225166,0,0,1,0,1,1,0,0,0,28,5
2,67.8,2,16,6.76935,1.00669,0.599873417721519,0,0,1,0,1,1,0,0,0,28,9
4,70,2,18,5.57038,1.63741,0.38775,0,1,1,1,0,1,0,1,0,25,33
3,66.8,2,18,6.66455,1.01839,0.440581395348837,0,0,0,1,0,1,1,0,1,29,9
1,79.4,2,16,5.20352,1.38832,0.305466666666667,0,1,1,0,1,1,1,0,0,19,35
3,72.8,2,16,6.32353,1.08076,0.460194805194805,0,1,0,1,1,1,1,0,1,29,11
3,66.4,1,20,6.32353,1.08076,0.441164383561644,0,0,0,0,1,0,1,1,0,29,2
3,72.8,2,16,6.32353,1.08076,0.460194805194805,1,0,0,0,1,1,1,0,1,29,11
4,79.3,1,16,4.98359,1.33214,0.42575,0,1,0,0,1,0,0,0,0,20,43
4,70.1,1,18,7.18499,1.01512,0.490616438356164,0,0,1,1,1,1,0,1,1,30,8
2,67,1,19,7.21002,1.01998,0.500545454545455,1,0,0,1,1,1,0,0,1,30,8
3,72.8,2,16,6.32353,1.08076,0.460194805194805,0,1,1,1,0,1,1,0,0,29,11
3,77.3,2,18,6.26503,1.42148,0.460194805194805,0,0,0,0,0,1,0,0,1,30,14
3,72.8,2,16,6.32353,1.08076,0.460194805194805,1,0,0,0,1,1,0,0,1,29,11
2,63.2,2,17,6.09572,1.09724,0.394518072289157,0,1,0,0,1,1,1,0,1,30,11
3,68.5,1,17,6.32353,1.08076,0.500529801324503,0,0,1,0,1,0,0,0,1,30,5
2,70.3,1,20,6.06315,1.01186,0.50748031496063,1,0,0,1,0,0,0,0,1,29,10
3,82.4,2,12,6.42947,1.08076,0.534296875,0,0,0,1,0,0,0,0,1,28,13
2,83.4,1,12,6.29253,1.27077,0.491523178807947,0,1,1,1,0,1,1,0,1,30,7
1,70.7,1,16,5.62222,1.44499,0.365472972972973,0,1,1,0,1,1,0,0,1,19,25
3,60.5,2,14,6.39812,0.973006,0.528081395348837,0,1,1,0,1,1,1,0,1,30,9
2,70.5,1,14,6.35203,1.14817,0.594222222222222,0,0,0,1,1,1,1,1,0,28,4
2,69.2,1,14,6.32353,1.08076,0.5793125,1,0,0,1,0,1,1,0,1,29,3
2,69.7,1,16,6.9912,1.09827,0.551417910447761,0,1,0,1,1,1,1,0,0,28,6
4,66.6,1,16,4.73976,1.50691,0.40952380952381,0,1,1,0,0,1,0,1,0,27,23
4,78.3,1,16,6.0213,1.35317,0.410944881889764,0,1,0,0,1,1,0,1,0,26,19
3,72.8,2,16,6.32353,1.08076,0.460194805194805,0,1,0,0,1,1,1,0,1,29,11
4,60.2,1,16,6.6542,1.33754,0.460194805194805,0,0,0,1,1,1,0,0,1,29,5
4,76.6,2,16,5.11079,1.58805,0.41583850931677,0,0,1,1,0,1,0,0,0,20,43
4,65.7,2,20,5.75231,1.46874,0.388933333333333,0,0,0,0,1,1,0,1,1,27,21
3,68.5,1,18,5.6054,1.31217,0.460194805194805,0,0,1,1,1,0,1,0,0,26,24
2,59.9,2,16,5.60715,1.05386,0.429473684210526,0,1,0,0,1,0,0,1,1,30,0
2,65,2,19,6.69881,1.05042,0.429157303370787,0,1,1,0,1,1,1,0,1,30,2
4,84.7,1,17,5.95677,1.08076,0.460194805194805,0,0,1,1,1,1,1,0,1,29,11
4,66.9,2,18,6.32353,1.3664,0.477054794520548,0,1,1,1,0,0,1,0,1,24,11
3,67.8,2,20,6.32353,0.961748,0.4539375,1,0,0,0,1,1,0,1,1,30,11
3,67.7,1,20,5.44196,1.11941,0.505833333333333,0,1,0,1,1,0,1,0,0,23,13
3,72.8,2,16,6.32353,1.08076,0.460194805194805,0,0,0,0,1,1,0,0,1,29,11
3,69.9,2,20,6.73506,1.12534,0.479815950920245,0,0,0,1,0,1,0,1,0,29,13
1,63.8,2,16,4.71329,1.08076,0.496089743589744,0,1,0,0,0,1,1,0,1,20,40
3,72.8,2,16,6.32353,1.08076,0.460194805194805,0,0,0,1,1,0,0,0,1,29,11
3,72.7,1,12,6.70823,1.31985,0.505032679738562,0,1,0,1,0,1,1,0,0,28,6
4,77.1,1,16,6.07945,1.41924,0.434166666666667,0,1,1,1,1,1,1,1,0,29,16
2,70.8,1,18,6.63987,1.10103,0.491307692307692,0,0,1,0,1,1,1,1,0,30,1
2,65.1,1,16,6.91877,0.962296,0.466928104575163,0,0,0,0,0,1,1,0,0,30,6
2,76.3,1,14,6.45064,1.21496,0.503401360544218,1,0,0,0,0,1,0,0,0,30,6
4,80.4,1,12,6.47427,1.04859,0.417671232876712,1,0,0,1,0,1,0,0,0,30,10
4,75.4,1,18,6.24309,1.18741,0.340529411764706,0,0,0,1,1,1,0,0,0,28,18
1,71.5,1,12,4.71331,1.48479,0.321897810218978,0,1,0,0,1,1,1,0,1,11,64
3,85.9,2,17,6.32353,1.08076,0.394101123595506,0,1,1,0,0,0,1,0,0,27,16
1,77.2,1,16,6.08009,1.59553,0.324296875,0,1,0,0,0,1,1,1,1,21,35
1,66.8,2,12,4.47166,1.68025,0.353137254901961,0,1,0,1,1,0,1,0,1,16,30
1,78.8,2,19,6.32353,0.976713,0.284753086419753,0,1,0,0,1,1,1,0,1,25,15
3,72.8,2,16,6.32353,1.08076,0.460194805194805,0,1,0,1,0,1,0,1,1,29,11
3,72.8,2,16,6.32353,1.08076,0.460194805194805,0,1,0,1,1,1,0,0,1,29,11
1,73,1,16,3.85738,1.86447,0.279411764705882,0,1,1,0,0,1,1,0,0,9,67
3,72.8,2,16,6.32353,1.08076,0.460194805194805,0,1,0,1,1,1,0,0,1,29,11
